tachometer_signal,underhang_bearing_axial,underhang_bearing_radial,underhang_bearing_tangential,overhang_bearing_axial,overhang_bearing_radial,overhang_bearing_tangential,microphone
-0.80654,0.20215,-0.054255,-0.055267,-0.022095,0.0092787,0.48141,-0.083477
-0.69938,-0.58566,-0.21141,-0.047495,0.12628,0.046834,0.056706,0.053667
4.3885,-0.037886,-0.12239,-0.39943,0.086373,0.028781,1.2101,0.064278
-0.73051,0.56196,-0.043353,-0.014475,-0.0188,0.013617,0.33414,0.073259
-0.48464,-0.76938,-0.95624,-0.25609,0.1443,0.03183,0.57573,0.27052
-0.69593,-0.75232,-0.015274,-0.35012,-0.11765,-0.0012845,-0.14985,0.35283
-0.72621,-0.77007,-0.87643,-0.084851,0.15801,-0.0024204,0.013031,0.23552
-0.715,-0.0053713,-0.1068,-0.14613,-0.13869,-0.057996,0.54793,0.0071569
-0.94575,0.6753,-0.063017,-0.045999,-0.24995,-0.027802,0.82012,-0.04147
-0.71946,0.37378,0.64356,0.29915,-0.04124,-0.028713,0.55893,-0.11293
4.4246,0.45277,0.78725,0.022084,0.022079,-0.0054495,1.2259,-0.19061
4.3231,0.14801,0.78075,0.49787,-0.012654,0.031515,0.31101,-0.21349
-0.69399,0.6553,0.014733,0.078638,0.15021,0.043965,0.76896,-0.27441
-0.62533,-0.094066,0.23727,0.05364,-0.13949,0.0035607,-0.20766,-0.15822
-0.72935,-0.32022,-0.62839,0.050024,0.045218,3.1087e-05,0.1673,-0.069824
-0.71786,-0.3312,-0.58522,0.50081,-0.063474,-0.004243,0.12602,-0.017059
-0.86582,0.35438,-0.73723,0.14429,-0.079607,-0.013882,0.56528,0.1518
-0.78962,0.68171,0.057549,-0.049101,-0.034336,-0.023771,-0.082662,0.082726
-0.64223,-0.43753,-0.33869,-0.033551,-0.033938,0.027832,0.95847,0.35762
4.385,-0.4499,0.043365,-0.011611,0.021912,0.032799,0.6779,0.26329
-0.70824,0.049428,-0.3417,-0.0020019,0.083432,0.048445,0.41015,0.10743
-0.5129,-1.0779,0.042028,-0.54138,-0.12387,0.0081428,0.1622,0.16939
-0.72673,0.47266,0.18407,0.0091804,-0.021009,0.020856,-0.065201,-0.11151
-0.72457,-0.22053,-0.030454,-0.039646,0.15241,0.040955,0.20213,-0.16087
-0.7199,1.8594,0.20346,0.37038,-0.22654,-0.03599,-0.076734,-0.1561
-0.75632,0.83102,0.47373,-0.048394,-0.12905,-0.040001,-0.042808,-0.1975
-0.67794,-0.046806,0.67031,0.23469,0.075648,0.0029446,0.3617,-0.19981
4.3803,-0.29845,0.064455,-0.23746,0.0099659,0.016126,0.83995,-0.10575
-0.72988,0.62036,0.099164,0.23207,-0.090095,-0.038474,-0.034395,-0.077296
-0.43429,-0.05798,-0.4639,-0.236,0.046574,0.018918,0.16423,0.080438
-0.6827,-0.05983,-0.34558,-0.042588,-0.22914,-0.071684,-0.64016,0.2563
-0.73037,-0.10723,-0.47602,-0.18746,0.14785,0.032914,-0.36023,0.32104
-0.72371,-0.27324,-0.91055,-0.072699,-0.18167,-0.024285,-0.15933,0.2171
-0.79541,0.11154,-0.69135,-0.0077825,-0.1435,-0.0010406,-0.16579,0.25409
-0.74119,0.43913,0.011039,0.49028,0.0322,0.0015777,0.22114,0.044321
4.3952,0.37278,-0.12293,-0.18229,0.08523,0.044909,0.96247,-0.021489
4.7262,0.67448,0.59539,-0.14754,-0.032159,-0.019382,0.17301,-0.10932
-0.58617,0.36371,0.10422,-0.31216,0.13603,0.016665,0.53112,-0.17255
-0.62865,-0.1403,0.52495,0.11888,-0.2476,-0.07841,0.27933,-0.30106
-0.7309,0.70615,0.46003,-0.15938,0.10819,-0.0070731,-0.32916,-0.23335
-0.7271,-0.9285,1.1703,-0.37136,-0.0386,0.025123,-0.10285,-0.26246
-0.73731,1.2579,-0.69722,0.28852,0.10436,0.021806,0.87819,-0.098226
-0.80271,-0.054943,-0.17388,0.41953,0.12387,0.017172,-0.02579,-0.0063263
-0.63401,-0.51649,-0.71345,-0.011578,-0.076351,-0.023887,0.82644,0.2914
4.3754,-0.75981,0.077765,0.031095,0.049123,0.03396,0.55781,0.24995
-0.73744,0.45405,0.01772,0.058964,0.1141,0.0044271,0.27303,0.096112
-0.51433,-0.77562,-0.72565,-0.33769,-0.25564,-0.032287,-0.12243,0.2857
-0.79522,-0.17351,-0.64628,-0.013891,0.053047,-0.01032,0.25835,0.39807
-0.7288,0.5133,-0.25508,0.2443,0.13829,0.049619,-0.38576,0.034172
-0.72516,0.99852,-0.32774,0.00018834,-0.19479,-0.047413,0.22703,-0.013068
-0.78828,1.4364,0.72213,-0.045177,-0.11623,-0.051007,-0.23555,-0.080703
-0.78128,0.45316,0.59703,0.12164,0.029342,0.015189,0.64415,-0.17659
4.3777,0.040077,0.40432,0.071258,0.10736,0.024193,0.2274,-0.30043
-0.7302,0.79259,0.68405,0.080513,-0.018941,0.01911,-0.020659,-0.20967
-0.48692,-0.1638,0.3715,-0.39363,-0.025788,-0.031241,0.58287,-0.21149
-0.67757,0.010497,-0.17595,0.35708,-0.012673,-0.020312,0.033459,-0.068923
-0.73063,-0.0067135,-0.46361,0.82001,0.16556,0.032979,-0.010994,0.016746
-0.72665,-0.067356,0.12093,-0.309,-0.24252,-0.047728,-0.20446,0.082118
-0.91203,0.15072,-0.59195,0.15652,0.05062,-0.018721,0.17164,0.30654
-0.76613,0.25192,0.1317,0.047352,0.056361,-0.010814,0.6274,0.12907
4.3936,0.32115,-0.1929,-0.50772,-0.08427,-0.0083694,0.29627,0.095041
-0.71391,-0.43593,-0.043842,-0.11076,0.12529,0.025322,-0.050739,0.23102
-0.60499,0.046846,-0.26898,-0.12947,0.14348,0.050062,0.38446,0.042398
-0.58699,-0.54516,0.213,-0.42184,-0.24591,-0.070067,0.051016,0.076958
-0.88818,-0.17331,-0.098221,0.0044981,0.17047,0.0056592,-0.052068,-0.081068
-0.72664,-0.58864,0.58444,-0.11996,0.056098,0.041283,0.67066,-0.27222
-0.75768,0.96957,0.46134,-0.15988,0.14924,0.010203,0.08764,-0.19088
-0.86846,1.1325,0.43712,0.4157,0.14,-0.0031007,0.44848,-0.27738
-0.81013,-0.037603,0.039844,-0.12528,0.14197,0.027427,0.51889,-0.21463
4.3622,-0.17895,0.73658,0.27633,0.20319,0.018193,0.67776,-0.065224
-0.73589,0.45713,0.074373,-0.025657,0.13155,0.051994,0.29372,0.0013402
-0.57416,-0.70306,-1.0639,-0.34533,-0.10886,-0.024952,0.72125,0.25445
-0.72861,-0.3487,-0.87061,0.33349,0.17058,-0.017437,-0.04607,0.23238
-0.73075,0.055522,-0.79019,0.30325,0.13414,0.035237,-0.23486,0.19028
-0.72872,0.065335,-0.64828,-0.20924,-0.039435,-0.011244,0.030228,0.14625
-0.8564,0.88801,0.62852,-0.1495,0.014462,0.036746,0.4427,0.067442
-0.71981,-0.08591,0.025846,0.21332,0.15927,0.025316,0.98156,0.098862
4.3827,-0.69909,0.2414,0.26689,0.093219,0.01295,0.70892,0.027479
-0.73497,0.022571,0.33722,-0.033018,0.16187,0.0095161,0.13905,-0.12646
-0.44835,0.10453,0.48263,-0.30144,-0.027586,-0.012393,1.128,-0.27509
-0.65623,0.1521,-0.2313,0.091156,0.15999,0.024212,0.029432,-0.34319
-0.72194,0.17477,-0.20441,-0.10406,0.12281,0.045249,0.1501,-0.28816
-0.72275,0.25525,-0.82283,0.064083,-0.04201,-0.00098929,-0.0041672,-0.20449
-0.96648,0.41489,-0.069422,0.18435,0.17535,0.02986,0.50466,-0.081895
-0.7717,-0.49958,-0.155,-0.038291,0.001148,-0.0037552,0.73116,0.055516
4.3829,0.37793,-0.357,-0.0012953,-0.017946,0.01913,1.0793,0.047679
-0.72718,-0.31539,0.19236,0.11283,0.16958,0.017185,0.10645,0.23238
-0.4639,-0.75085,-0.18771,-0.23463,0.01811,-0.017264,0.50564,0.24633
-0.62035,0.029853,-0.54865,-0.0073072,-0.079331,-0.013523,0.030646,0.39245
-0.75587,-1.0854,-0.86373,-0.19066,0.16248,0.019213,0.12823,0.31267
-0.72543,-0.62492,-0.14566,-0.087002,-0.060488,0.016903,0.38588,0.08903
-0.99345,0.50067,0.042709,0.035598,0.065237,0.022608,0.71869,-0.05398
-0.79002,1.197,0.5474,0.17308,0.032181,0.035744,0.18208,-0.10653
4.439,0.097137,0.66043,0.1998,0.064409,-0.0016118,0.73703,-0.20205
4.3382,0.27547,0.67126,0.4353,0.11513,-0.0011241,0.11476,-0.28239
-0.741,0.0075498,0.39857,-0.19013,-0.13149,-0.032518,0.55961,-0.14705
-0.52982,0.47485,0.19936,0.11008,-0.1619,-0.0385,0.10357,-0.15498
-0.73251,0.61898,-0.038233,0.26698,0.18268,0.045711,-0.00073153,-0.10212
-0.72191,-0.52014,-1.0705,-0.23769,-0.15598,-0.047131,0.20624,0.01918
-0.71774,1.0003,-0.28842,-0.10693,-0.021099,-0.006226,0.14239,0.074135
-0.9731,0.30265,-0.34545,0.0080885,-0.088406,-0.053401,-0.041864,0.087472
-0.73506,-0.92564,0.25173,-0.2516,-0.041721,-0.038301,0.701,0.36714
4.3802,-0.2712,-0.05166,0.16229,-0.0022623,0.033999,-0.19552,0.29283
-0.73521,-0.61482,-0.79001,-0.23847,0.049605,-0.020768,0.063455,0.22133
-0.55274,-0.99762,-0.26962,-0.13625,-0.23206,-0.071473,0.35318,0.19157
-0.69846,-0.095536,-0.044362,0.31965,0.074171,0.031945,-0.086708,-0.089148
-0.72583,-0.087695,0.71537,-0.37195,-0.065915,-0.037537,0.051697,-0.17949
-0.71861,0.34317,0.32679,0.2102,-0.23103,-0.058849,0.058677,-0.2894
-1.0098,0.39114,0.74588,0.24089,0.042271,0.033453,-0.31197,-0.25808
-0.75427,0.64728,-0.090981,-0.10334,-0.052049,0.0037982,0.11904,-0.19991
4.3763,-0.39795,0.14727,-0.14997,-0.081938,0.003073,-0.059485,-0.16124
-0.73595,-0.41772,1.5678,0.0072535,-0.03106,-0.033135,0.13729,-0.015794
-0.72846,0.18896,-0.077247,-0.75468,-0.038921,-0.016783,0.060809,0.020713
-0.56876,0.30428,-1.634,-0.13663,-0.045774,-0.011777,-0.20129,0.20332
-0.67636,-0.82158,-0.88214,-0.16531,-0.0021981,0.010312,-1.0025,0.32623
-0.72784,-1.1198,-1.24,-0.2628,-0.11625,-0.042247,0.24858,0.32632
-0.71381,1.1513,0.017771,0.4014,-0.048369,-0.024522,-0.34426,0.072748
-0.88356,0.05382,0.14675,0.40465,-0.085471,0.014393,0.18078,0.032225
4.3963,0.048426,0.31398,-0.36521,0.011064,-0.00061066,0.20923,0.0015349
4.2738,1.0264,0.96541,0.17855,0.10182,0.0089642,0.16076,-0.085011
-0.74148,0.27128,0.64523,-0.77418,-0.12581,-0.033564,0.37667,-0.11867
-0.54718,0.51578,-0.073315,0.12386,-0.29938,-0.046297,-0.38114,-0.31975
-0.71144,0.70157,-0.010655,0.21482,0.071666,0.0014558,-0.35946,-0.25883
-0.72196,-0.39467,-0.27327,-0.29873,-0.084533,-0.011739,-0.49778,-0.28266
-0.71531,0.87756,0.33487,0.10478,-0.0023908,0.025355,-0.16869,-0.12556
-0.98422,0.132,-0.075634,0.057731,-0.1554,-0.021346,-0.64271,-0.023752
-0.74127,-0.59219,0.12938,0.00043883,0.093386,0.027742,0.41988,0.2058
4.3705,-0.079584,0.022294,0.19916,0.01863,0.0084188,0.17057,0.23747
-0.73717,-0.98254,-0.7832,0.1458,0.0080777,0.04308,0.13044,0.33652
-0.37751,-0.54156,-0.12407,-0.011745,-0.05526,0.0049148,0.064316,0.31055
-0.64893,0.040103,-0.24058,0.19976,0.17974,0.051069,0.30067,0.3244
-0.68523,-0.019814,-0.5629,-0.13147,-0.23154,-0.02501,-0.13002,0.037458
-0.72711,0.16493,-0.31755,-0.024354,0.081087,0.053752,0.45439,0.042934
-0.91741,1.0808,0.49774,0.55787,0.10838,0.017628,0.014745,-0.091971
-0.76306,1.1855,0.32514,0.13125,0.0089319,0.020336,1.2401,-0.15333
4.3722,-0.39853,0.093395,-0.073546,-0.031035,-0.011437,-0.19401,-0.30198
-0.73558,-0.047532,0.16906,-0.34821,0.19666,0.061928,0.46898,-0.27545
-0.74392,0.27133,0.082224,-0.14219,-0.021735,-0.024574,0.34326,-0.14761
-0.61218,0.70865,-0.28961,-0.026049,-0.028678,-0.020896,0.049802,-0.11964
-0.65428,-0.73676,-0.097058,-0.35093,0.029907,-0.01976,-0.51218,0.0017052
-0.7273,-0.48582,-0.66181,0.12467,0.062225,-0.0011754,0.65932,0.15272
-0.71481,0.83768,-0.33738,0.088092,0.042026,0.037939,0.21585,0.11488
-0.95471,0.40561,-0.31248,-0.24961,-0.1276,-0.020646,0.2289,0.12834
4.3865,0.49052,-0.33175,-0.021996,0.1748,0.03706,0.26572,0.10037
-0.68025,0.15195,0.17684,-0.15451,0.043016,-0.010705,0.24297,0.29663
-0.74092,-0.21786,-0.2494,-0.75722,-0.080224,-0.011366,0.74279,-0.014406
-0.49091,-0.26296,-0.075788,0.21045,-0.10693,-0.054229,-0.64009,0.057244
-0.52552,-0.042015,0.13259,0.095511,0.12593,0.037606,0.093548,-0.049064
-0.7299,-0.57503,1.7733,0.048116,-0.053545,-0.018163,-0.064745,-0.27524
-0.72532,0.87902,0.64063,-0.18473,0.09986,0.019868,0.5584,-0.23167
-0.88648,0.6165,0.77201,0.41754,0.093855,-0.018105,0.57606,-0.28426
-0.72159,0.088139,-0.094579,0.13041,0.17742,0.048207,0.93815,-0.18818
4.3579,0.15576,0.71651,0.38994,0.035161,-0.01188,0.1668,-0.098129
-0.73521,-0.92873,0.093864,0.054956,0.14774,0.029802,0.954,0.040622
-0.51328,-0.15838,-0.32374,-0.31828,0.009542,-0.0074068,0.090742,0.10451
-0.54555,-0.056632,-0.82416,0.11647,0.18273,0.05834,0.093676,0.27156
-0.72782,-0.33903,-0.57762,-0.26867,-0.055228,0.0087845,-0.012073,0.13739
-0.73106,-0.18818,-0.60707,-0.25345,0.11913,0.050877,0.074282,0.30498
-0.79357,0.9829,0.039819,-0.3538,0.082725,0.038003,0.47694,0.018961
-0.82575,-0.64386,-0.33469,-0.3297,0.11872,0.041392,0.034467,0.090344
4.3844,-1.0353,0.56222,-0.3045,0.14278,0.01775,0.47046,0.10716
-0.7355,0.092731,1.7857,-0.2676,0.042052,-0.0051414,0.080794,-0.14303
-0.74102,0.47466,1.1027,-0.51091,0.058134,-0.012849,0.36489,-0.13293
-0.61654,0.40027,0.014476,-0.14728,0.019349,-0.0014,0.21764,-0.36446
-0.68508,0.12029,-0.053163,0.23847,0.033189,0.0091889,-0.0049764,-0.2701
-0.72701,0.05443,-0.30122,0.14214,0.17214,0.051294,-0.17011,-0.20865
-0.7247,0.43907,0.18882,0.27447,0.052469,0.018866,-0.089405,-0.095598
-0.81757,-0.22902,0.11445,-0.054092,0.021879,0.031785,0.31576,0.032322
4.3787,0.33979,0.23549,-0.19381,0.10852,0.0091118,0.27938,0.014045
-0.72787,-0.72578,-0.11957,-0.016884,0.099481,-0.0011112,0.12039,0.25465
-0.73709,-1.191,-0.59456,-0.66338,0.048038,0.014066,0.13886,0.19125
-0.44296,-0.83471,-0.11785,-0.013762,-0.13982,-0.03334,-0.39453,0.57652
-0.63281,-1.3168,-0.78038,0.046973,0.11762,0.032208,0.013942,0.40265
-0.74087,-0.11176,-0.47137,0.054121,0.087266,0.033293,-0.45298,0.097937
-0.73081,-0.39265,-0.045762,0.45455,-0.061971,-0.019857,0.028809,-0.001337
-0.8333,0.19286,0.74985,0.16248,-0.033661,-0.027404,0.29101,-0.17355
4.8236,0.24928,0.74416,0.3989,0.083676,-0.0060463,0.75864,-0.21123
4.3625,0.48393,0.88629,0.55541,-0.088579,0.023224,0.41999,-0.3143
-0.73527,0.050834,0.24679,0.28294,-0.067636,-0.023945,-0.21459,-0.19567
-0.70107,0.41332,0.19433,0.36004,-0.087198,-0.038147,-0.51744,-0.16301
-0.53795,0.44246,-0.13417,-0.011103,0.039143,-0.030741,-0.33486,-0.11716
-0.77165,-0.41925,-0.66214,-0.62861,-0.26241,-0.029785,-0.036662,0.030302
-0.72806,0.17951,-0.39882,-0.031682,-0.052607,-0.0038066,0.1008,0.23878
-0.72625,0.70723,-0.84431,0.50335,0.038918,0.02882,0.4024,-0.021464
-0.78692,-0.66319,-0.66194,0.1298,-0.075015,-0.017463,0.40701,0.29758
4.3834,-1.7474,-0.58377,0.004633,-0.06077,-0.018483,0.19992,0.47573
-0.73605,-0.47273,-0.082026,-0.43602,0.037287,-0.0027028,0.75456,0.24518
-0.73983,-0.43185,0.23727,-0.31655,-0.048215,-0.036959,0.21,0.13578
-0.70959,0.57434,-0.1075,0.45666,-0.18357,-0.05249,-0.13254,-0.088832
-0.69515,-0.40734,0.57283,-0.083489,-0.089645,0.009022,0.032527,-0.17861
-0.72525,-0.034206,0.46049,0.28752,0.082892,-0.0019262,0.084101,-0.29235
-0.72807,0.35028,0.77358,-0.083887,-0.050096,-0.029432,-0.12169,-0.25654
-1.0044,0.28169,0.39819,0.022232,-0.14414,-0.0098968,-0.27738,-0.25014
4.37,0.15373,0.2158,-0.28207,0.013819,-0.035599,0.25762,-0.15673
-0.73344,0.32786,0.74917,-0.083708,-0.18001,-0.045418,-0.43395,-0.018982
-0.73716,-0.61961,-1.0158,-0.52586,-0.092908,-0.0026578,-0.43382,0.053813
-0.37317,-0.018228,-0.71253,-0.69084,-0.16207,-0.0081897,-0.59427,0.22897
-0.67164,-0.33307,-1.0144,0.31519,-0.00025211,0.011454,-0.68912,0.29576
-0.7587,-0.91606,-0.64968,-0.21915,-0.054309,-0.0021765,-0.002748,0.30525
-0.7274,-0.53381,0.10382,-0.28161,-0.23746,-0.066518,-0.46768,0.27772
-0.84813,-0.11082,0.73134,-0.097003,-0.043077,0.015087,0.094331,0.080487
4.4004,0.57861,0.050797,-0.21317,-0.1498,-0.060242,0.15055,0.030521
4.3646,0.35105,1.0324,0.068933,-0.39669,-0.085232,0.09114,-0.10193
-0.7359,-0.35914,0.095226,0.050403,-0.015839,0.017538,0.18081,-0.17509
-0.73869,0.54783,0.52551,0.15318,-0.35774,-0.060101,-0.51383,-0.17959
-0.57959,0.62788,-0.059491,0.029766,-0.11625,-0.020839,-0.89902,-0.26054
-0.76167,-0.10322,0.043776,0.2701,-0.31943,-0.094967,-0.88101,-0.2591
-0.72182,0.50202,-0.34983,0.20039,-0.26474,-0.017283,-0.19366,-0.14021
-0.72737,1.1313,0.20442,0.27335,-0.23504,-0.072557,0.121,-0.095744
-0.91124,0.0069012,0.51076,-0.0081871,-0.2507,-0.065049,-0.66935,0.16034
4.368,-0.75859,-0.27847,-0.39882,-0.225,-0.015993,0.050155,0.21734
-0.73643,-0.43547,0.02839,-0.033981,-0.21181,-0.059491,-0.539,0.36083
-0.74042,-0.56558,-0.31721,-0.12463,-0.33154,-0.070786,-0.65503,0.21792
-0.44569,-0.64017,-0.61109,-0.38468,-0.38744,-0.055698,-0.50184,0.50509
-0.71637,0.30384,-0.064379,0.33834,-0.25417,-0.047298,-0.77939,0.024826
-0.72377,-0.35357,-0.28511,-0.041169,-0.088579,0.017249,-0.39001,0.033929
-0.72005,0.34799,0.22175,0.042926,-0.12403,0.002213,-0.51812,-0.12424
-0.93961,0.0015645,0.68132,-0.047489,-0.2328,-0.021397,-0.76093,-0.16854
4.371,0.31785,0.35205,-0.086469,-0.18853,-0.0093256,-0.45564,-0.28548
-0.72418,0.48276,0.2001,0.083956,-0.34454,-0.055865,-0.81643,-0.29841
-0.73622,-0.44123,0.35489,0.041854,-0.25031,-0.037357,-0.98267,-0.16012
-0.3965,0.22693,-0.0099162,0.033703,-0.61445,-0.13391,-1.0562,-0.046143
-0.65127,0.09695,-0.15808,-0.26208,-0.20567,-0.070138,-1.0043,-0.0097579
-0.70427,-0.81133,-0.11378,-0.2088,-0.37284,-0.040329,-1.3092,0.14902
-0.72141,0.25581,-0.54185,-0.38359,-0.5321,-0.11142,-0.76213,0.18383
-0.97061,0.083201,-0.2658,0.20771,-0.29763,-0.063887,-0.99136,0.077858
4.3886,0.81834,-1.0061,0.15025,-0.22084,-0.035952,-0.85501,0.079051
-0.65943,-0.55719,-0.30852,0.49133,-0.59014,-0.073006,-0.92062,0.32693
-0.73541,0.28213,0.51988,-0.012343,-0.11202,0.015651,-0.53619,0.026335
-0.73881,0.15992,0.63562,-0.08654,-0.57838,-0.10887,-1.186,0.015042
-0.5949,0.97909,-0.38938,-0.40841,-0.18073,-0.039051,-1.1199,-0.11229
-0.65547,-0.70438,0.1947,0.1774,-0.3802,-0.088755,-1.1235,-0.25805
-0.71694,0.46284,-0.16398,-0.042974,-0.48096,-0.082312,-1.0307,-0.2647
-0.71572,0.38626,0.098708,-0.17324,-0.27477,-0.013632,-1.0996,-0.20736
-0.82336,0.51707,0.80725,0.14735,-0.37012,-0.031832,-0.75481,-0.22298
4.3541,0.023701,-0.29387,0.61513,-0.4159,-0.034912,-0.37264,-0.11619
-0.7346,-0.21699,0.29713,0.082665,-0.20684,-0.0076314,-1.1003,0.066201
-0.73836,-0.44563,-0.0079826,-0.13966,-0.43075,-0.050365,-1.386,0.053253
-0.34797,0.00317,-0.44233,-0.062859,-0.38764,-0.073436,-1.4799,0.33168
-0.61408,-0.011716,-0.78592,0.011249,-0.45465,-0.081593,-1.3223,0.084259
-0.72333,0.022783,-0.61223,0.061424,-0.2027,-0.015993,-0.74952,0.2499
-0.71608,0.27118,-0.067174,0.12672,-0.14463,-0.057733,-1.4544,0.054689
-0.9118,0.40691,0.26891,-0.22615,-0.37246,-0.048408,-0.96722,0.072188
4.3774,-0.54635,-0.15972,0.1385,-0.35812,-0.074919,-0.95172,0.036046
-0.71969,0.034946,0.31776,0.090456,-0.38426,-0.04441,-1.6761,-0.19246
-0.73658,-0.81574,0.15365,0.075734,-0.36804,-0.091957,-1.1757,-0.216
-0.59973,0.94466,0.23732,0.12541,-0.51104,-0.097675,-1.6331,-0.30958
-0.56827,0.21333,0.23014,-0.38965,-0.1863,-0.033648,-1.6626,-0.29091
-0.64541,0.017844,0.3145,-0.11885,-0.60662,-0.085444,-1.1242,-0.18645
-0.71729,-0.027116,-0.0097492,-0.15776,-0.49058,-0.068213,-0.78529,-0.058093
-0.75426,0.42046,-0.018351,0.45794,-0.37873,-0.035028,-1.293,-0.060527
4.3757,0.39681,-0.32957,-0.033667,-0.47589,-0.097419,-1.296,0.010345
-0.71425,-0.68061,0.38358,-0.094036,-0.56158,-0.071415,-1.3444,0.26229
-0.73615,-0.28368,-0.75686,0.032418,-0.16287,-0.053895,-1.0859,0.24012
-0.73658,-0.25338,-0.59265,-0.1145,-0.51705,-0.078481,-1.4194,0.22481
-0.5611,-0.75206,-1.1838,0.086236,-0.1494,-0.033455,-1.1954,0.34095
-0.6984,-1.4196,0.58074,0.071418,-0.54018,-0.066172,-1.6779,0.1629
-0.72418,0.80164,0.22598,-0.20369,-0.24741,-0.056674,-0.45646,-0.017668
-0.71421,0.43613,0.83138,0.20755,-0.083165,-0.031524,-1.1579,-0.1248
-0.9599,0.50448,0.33286,-0.26621,-0.52105,-0.087202,-0.95018,-0.26353
4.3472,0.3446,1.1286,-0.12781,-0.422,-0.054043,-0.99562,-0.30748
-0.72917,0.47284,0.42466,0.045181,-0.081264,-0.0047114,-0.90033,-0.20431
-0.74008,-0.66747,0.067134,-0.19946,-0.66172,-0.10734,-0.92036,-0.12741
-0.51348,0.6784,-0.099461,-0.39445,-0.26194,-0.013914,-1.2784,-0.078877
-0.58164,-0.35911,-0.61606,0.068239,-0.35089,-0.077274,-1.5598,-0.0072268
-0.73401,-0.15935,-0.72207,-0.33166,-0.30514,-0.042786,-1.718,0.29624
-0.71918,0.54451,0.087427,0.022373,-0.19006,-0.057316,-2.1626,0.08168
-0.8646,-0.6807,-0.22101,-0.2128,-0.35829,-0.052682,-1.4493,0.31501
4.376,-1.3192,-0.2941,-0.16735,-0.36152,-0.062167,-0.94682,0.4349
-0.74467,-0.072057,-0.073058,-0.19873,-0.43978,-0.11008,-1.3598,0.24803
-0.73707,-1.3185,-0.086619,-0.50784,-0.53262,-0.099556,-1.5022,0.1812
-0.72434,0.45697,0.088519,-0.18303,-0.47356,-0.056308,-1.5286,-0.070457
-0.59929,-0.056876,0.57808,0.099184,-0.052151,-0.015653,-1.8074,-0.18718
-0.68508,0.60044,-0.016212,-0.061786,-0.82975,-0.15031,-1.786,-0.27636
-0.71988,0.24365,0.66862,-0.20738,-0.36129,-0.053613,-1.4216,-0.28573
-0.71259,0.61745,0.63618,0.25046,-0.24071,-0.04785,-1.4227,-0.13342
4.3651,0.79444,-0.051505,-0.0035048,-0.40081,-0.062174,-1.8419,-0.15089
-0.7617,-0.24007,0.14134,0.10069,-0.33118,-0.022648,-1.7229,-0.050767
-0.73606,-0.52663,-0.16799,-0.043096,-0.31923,-0.082145,-1.5267,0.09857
-0.73637,0.44645,-0.40192,-0.14246,-0.45711,-0.10292,-1.8933,0.093313
-0.5369,-0.057518,-0.46068,-0.10557,-0.12706,0.0036249,-1.8762,0.30909
-0.62383,-1.4769,0.33735,-0.054156,-0.54467,-0.1112,-1.6477,0.32593
-0.7367,-0.028914,-0.22836,-0.18164,-0.13552,-0.04914,-1.3426,0.25832
-0.72785,0.19458,-0.038208,-0.039268,-0.0068929,0.0053127,-1.8729,0.044394
4.3553,0.61691,-0.20184,-0.30467,-0.36221,-0.073244,-1.1806,0.001973
4.331,0.60864,0.2656,0.32081,-0.27105,-0.0044355,-1.2471,-0.077953
-0.73609,-0.17219,0.3689,-0.29579,-0.048317,-0.029907,-1.4817,-0.20281
-0.74073,-0.424,0.84223,-0.30002,-0.70573,-0.14358,-1.5221,-0.29775
-0.36063,0.65767,-0.081576,0.23568,0.010627,0.0094648,-1.4165,-0.23023
-0.63668,0.072521,0.26196,-0.24244,-0.20927,-0.042093,-1.9534,-0.22598
-0.72939,-0.25879,0.19795,-0.06573,-0.17545,0.0033168,-0.89571,-0.10657
-0.72751,0.40448,0.41881,-0.25091,-0.18311,-0.037293,-1.8914,-0.048479
-0.85752,-0.12414,0.50473,-0.29399,-0.14966,-0.012015,-0.96214,0.16754
4.3647,-0.31554,-0.11688,-0.10594,-0.17037,-0.053074,-0.99983,0.23518
-0.74909,-0.73594,-0.62203,0.10003,-0.27773,-0.028771,-1.3498,0.32834
-0.73827,-1.2125,-0.3224,-0.36879,-0.41132,-0.078243,-1.493,0.41168
-0.73142,0.46939,0.00025299,-0.20594,-0.052627,0.022191,-1.4198,0.15596
-0.51576,0.40047,-0.41829,0.33502,-0.25241,-0.029842,-1.6404,0.035657
-0.7189,0.25043,-0.23133,0.22609,-0.58554,-0.071562,-0.98486,0.05189
-0.72982,-0.088889,0.77885,0.5333,-0.11072,0.0058838,-1.7074,-0.11553
-0.72493,0.21074,0.20752,-0.36755,-0.10352,0.004119,-0.68107,-0.13206
4.3612,0.11653,0.11403,-0.084208,-0.27083,-0.051463,-1.7217,-0.32737
-0.76449,0.31539,0.20386,0.24746,-0.012904,-0.025998,-1.318,-0.3031
-0.7342,-0.50361,0.29488,-0.1798,-0.127,0.0036762,-1.0647,-0.13726
-0.74511,0.84,-0.28416,-0.095108,-0.1318,-0.027449,-1.183,-0.078464
-0.34673,-0.020945,-0.27373,0.25463,0.037499,0.029783,-1.3365,0.053131
-0.68785,0.2417,-0.62057,-0.3543,-0.32897,-0.049101,-0.82915,0.15851
-0.75421,-0.27632,-0.87546,0.16298,0.19304,0.042983,-1.1889,0.22654
-0.72894,0.58712,-0.23039,0.58696,0.025405,-0.011809,-0.78353,0.10159
4.3774,0.16865,-0.2909,-0.0092662,-0.12159,-0.030093,-1.6838,0.091366
-0.67641,0.12135,0.3906,0.047988,0.056291,0.025817,-1.1008,0.30274
-0.74064,-0.094361,-0.14718,-0.22647,-0.082497,-0.029053,-0.85298,0.016089
-0.74017,-0.70987,0.52852,0.11215,-0.26804,-0.018169,-1.2376,0.033515
-0.52393,0.60525,0.47428,-0.051773,0.13,0.0012312,-1.8019,-0.12312
-0.53524,-0.47903,1.1797,-0.17319,-0.29503,-0.036735,-1.2105,-0.26321
-0.8243,1.3828,0.01294,-0.40882,-0.0011256,0.0065384,-1.4201,-0.25148
-0.72901,0.027227,0.4401,-0.035202,-0.015313,-0.036529,-1.0003,-0.26453
-0.98441,0.34971,-0.0039997,0.21388,-0.049949,0.029802,-1.0934,-0.16518
4.349,0.66309,0.77915,0.28498,-0.0068029,-0.023226,-1.0206,-0.049307
-0.76254,-0.63235,-0.060461,-0.16629,-0.055998,-0.038763,-0.87567,0.064327
-0.73954,-0.53063,-0.82374,-0.084074,-0.34497,-0.014447,-1.0896,0.11115
-0.73071,1.2135,-0.46705,-0.13753,0.16839,0.029526,-1.1672,0.088032
-0.53475,0.24004,-0.68833,-0.25161,-0.057688,0.0002557,-1.5042,0.10373
-0.70623,-0.35513,-0.31506,-0.41366,-0.12803,-0.014761,-1.5471,0.35925
-0.73094,0.86909,0.21007,0.28979,0.041628,0.034968,-0.70506,0.051914
-0.72994,0.16206,0.054986,-0.28558,0.098473,0.014284,-0.47834,0.0021677
4.3688,0.051868,0.30516,-0.14471,-0.0049148,-0.023694,-0.79565,-0.040886
-0.77021,0.074133,0.46913,-0.047585,-0.0035532,0.0036377,-0.4292,-0.15048
-0.73761,-0.15672,0.57446,-0.51051,0.1004,0.042123,-0.22478,-0.26672
-0.74421,0.45349,0.004056,0.29116,0.16019,0.013065,-0.75686,-0.29565
-0.65913,0.34395,0.31099,0.50852,0.05579,-0.021936,-1.3177,-0.26231
-0.66514,-0.28861,0.0021417,-0.055871,-0.16195,-0.045315,-1.01,-0.18645
-0.73548,-0.11336,-0.25925,0.14879,0.23289,0.068268,-1.1044,-0.077271
-0.7273,0.15811,0.31623,-0.25056,0.12292,0.022775,-0.45987,-0.022535
4.368,0.23278,0.46089,-0.43548,-0.0042533,0.028326,-0.75517,0.022465
-0.83372,0.21972,0.060909,0.29355,0.2669,0.017352,-0.67257,0.24869
-0.81507,-0.39146,-0.83455,-0.042061,0.12366,0.032626,-0.55863,0.20595
-0.74205,-1.6999,0.013506,-0.35143,-0.0072204,-0.013491,-0.71997,0.58837
-0.7199,-0.85038,-0.86003,-0.1529,0.25232,0.0247,-1.0213,0.24696
-0.59123,-0.70703,-0.58273,-0.31732,0.15241,0.061748,-1.0211,0.14452
-0.77953,0.97533,0.13848,-0.05404,0.21666,0.054471,-0.61962,-0.061476
-0.72373,0.1611,0.32999,0.47562,0.14402,0.048336,-0.15439,-0.19521
-0.67403,0.43961,0.63734,-0.34385,0.29948,0.078902,-0.7371,-0.14749
4.3388,0.98465,0.73767,0.19325,0.34853,0.092501,-0.40778,-0.2903
-0.81339,-0.34414,0.29815,-0.19186,0.014879,0.034172,-0.51156,-0.23028
-0.74047,0.2039,0.09001,-0.052492,0.13095,0.051191,-0.60874,-0.10034
-0.73633,0.79693,-0.3561,-0.21087,0.41787,0.08326,-0.54899,-0.095938
-0.5187,0.33022,-0.70222,-0.13656,-0.018639,0.030161,-1.095,0.022052
-0.68385,-0.036813,-0.62165,0.19839,0.14605,0.046243,-0.67285,0.16195
-0.72509,0.88183,-0.41957,0.29097,0.22583,0.059502,-0.3918,0.077469
-0.72453,0.17623,-0.54527,0.24881,0.28724,0.067293,0.2483,0.14272
4.373,-1.2136,-0.27306,0.23678,0.14024,0.060657,-0.23645,0.59049
-0.84553,-0.42371,0.008585,-0.36247,0.25871,0.030014,-0.38729,0.20369
-0.74409,-0.64396,-0.082848,-0.1957,0.18807,0.010562,-0.066389,0.094895
-0.7429,-0.098715,-0.40719,-0.23809,0.37669,0.07251,-0.42121,-0.10855
-0.57589,-0.38742,0.090588,0.31197,0.17674,0.0049405,-0.77378,-0.19154
-0.65789,-0.087836,0.5436,0.454,0.15669,0.058514,-0.26364,-0.29918
-0.74889,0.60747,0.75404,0.26226,0.25916,0.063192,-0.34681,-0.28444
-0.72121,-0.34043,0.5113,0.0077224,0.14042,0.04419,0.25643,-0.26321
4.3573,0.75158,-0.061559,0.066408,0.22524,0.020862,0.03911,-0.11891
-0.89604,0.44581,0.18065,0.067687,0.27888,0.061549,-0.21959,-0.019615
-0.80912,-0.48825,-0.1424,-0.39507,0.092866,-0.0090625,-0.26364,0.10913
-0.74239,-0.79343,-0.18167,0.029554,0.020434,-0.00183,-0.7731,0.4183
-0.73149,-0.13704,-0.17961,-0.7232,0.29356,0.063314,-0.55951,0.17735
-0.52307,-0.41125,-0.63501,0.0022372,0.12548,0.023404,-0.49357,0.32676
-0.68765,-1.0554,-0.98947,-0.082731,0.16141,-0.0047692,-0.50305,0.33399
-0.72886,-0.10105,0.037018,0.42709,0.25686,0.065945,0.29507,0.057585
4.3976,0.12263,0.26275,0.020504,0.42698,0.083542,0.60023,-0.033001
4.3473,0.73238,0.31969,0.1763,0.33478,0.076951,-0.050829,-0.10375
-0.84896,-0.621,0.19581,-0.49389,0.19118,0.038247,0.36505,-0.18764
-0.74482,0.31642,0.57114,-0.026788,0.36324,0.098726,0.243,-0.31532
-0.73894,0.36624,0.29529,0.23702,0.48337,0.10839,-0.11683,-0.21884
-0.49611,-0.071717,0.014669,-0.23434,0.16936,0.056672,-0.23382,-0.23642
-0.60474,1.1062,-0.23206,-0.21197,0.31096,0.048297,0.45673,-0.15822
-0.72413,0.081319,-0.7165,-0.20076,0.37305,0.064687,-0.10138,-0.072793
-0.71863,0.077241,0.38483,-0.36852,0.41316,0.065599,0.63695,0.089516
4.3566,-0.2243,-0.057563,-0.070605,0.31217,0.05293,0.44728,0.23199
-0.87711,-0.96448,-1.4147,0.040119,0.38029,0.037143,0.3978,0.41732
-0.75697,-1.503,-0.73367,-0.14982,0.38923,0.084498,0.31097,0.63593
-0.74219,-0.43777,-0.68276,0.10748,0.41127,0.059284,0.37009,0.43782
-0.57672,-0.13076,0.15967,-0.61478,0.34274,0.078414,0.10356,0.087399
-0.59203,0.40131,-0.035522,0.20326,0.34868,0.069918,0.56956,-0.010707
-0.65834,-0.25877,0.4756,0.16341,0.38112,0.090531,1.0248,-0.11529
-0.72015,0.082128,0.19589,0.22627,0.35028,0.043426,0.90181,-0.23196
4.3593,0.20699,0.80597,-0.092847,0.42303,0.049593,1.004,-0.2617
-0.87826,0.2919,0.93922,-0.30817,0.33695,0.061389,0.57625,-0.282
-0.80919,-0.20706,-0.21546,-0.53863,0.35083,0.056704,0.91516,-0.21025
-0.74369,-0.060164,-0.66291,-0.25176,0.36914,0.07946,0.53786,-0.075495
-0.72819,1.1062,-0.41386,0.45517,0.43542,0.10228,0.46807,-0.031832
-0.65561,-0.59049,-0.80509,-0.072243,0.3905,0.080526,0.55582,0.15418
-0.67131,0.16384,-0.22155,0.56904,0.29125,0.056158,0.62985,0.26144
-0.72992,0.11128,0.47295,0.02825,0.30311,0.03106,1.4136,0.086328
4.3748,0.46989,-0.085328,-0.13785,0.42848,0.11365,1.144,0.078199
4.491,0.54002,0.65151,-0.17018,0.28908,0.060362,0.69314,0.20678
-0.81225,-0.63536,-0.14941,-0.55869,0.302,0.066754,0.75607,0.070241
-0.74558,0.58845,0.45647,0.030607,0.16942,0.002996,0.49086,-0.061379
-0.73667,0.24136,-0.22829,0.04538,0.38991,0.077458,0.80211,-0.11186
-0.51189,0.34026,0.34015,0.10756,0.18605,0.031477,0.41688,-0.25401
-0.59825,0.15302,0.081125,0.014479,0.22205,0.068332,0.55269,-0.23892
-0.72893,-0.098683,0.86247,0.41908,0.22501,0.035635,0.62241,-0.27584
-0.7343,0.01473,0.76826,0.1364,0.37927,0.068647,0.79649,-0.14418
4.3435,0.2144,0.018439,-0.36142,0.23734,0.017506,1.12,-0.067974
-0.86058,-0.023578,0.24238,0.045585,0.23361,0.046821,0.4914,0.1068
-0.77389,-0.70713,0.034114,-0.16222,0.24799,0.0078861,0.52889,0.21242
-0.74156,-0.51709,-0.35126,-0.40673,0.35765,0.079967,0.32829,0.35986
-0.60796,0.084639,-0.61203,0.10534,0.10569,-0.013779,-0.39326,0.081485
-0.4592,0.20163,-1.0218,0.26018,0.22963,0.011518,0.075901,0.35495
-0.68911,0.74085,-0.12802,-0.0040315,0.28461,0.071689,1.1729,0.046779
-0.73061,-0.45508,0.29624,0.005468,0.24905,0.018103,1.3346,-0.013822
4.3638,0.35791,-0.014766,0.13773,0.31188,0.04143,0.96696,-0.046776
-0.90457,0.32017,0.20018,0.33431,0.32598,0.059053,0.52885,-0.16335
-0.82234,-0.22803,0.32323,-0.2113,0.25942,0.076483,0.647,-0.29088
-0.74248,0.51809,-0.00060783,0.19179,0.19704,0.047225,0.39112,-0.34036
-0.72809,0.7535,0.3286,-0.20725,0.28219,0.068801,0.60411,-0.16752
-0.51809,0.10936,0.58136,-0.1318,0.30238,0.054374,0.69036,-0.16333
-0.63706,1.2554,-0.11935,0.16987,0.15629,0.048336,0.76797,-0.048139
-0.73133,-0.083726,-0.10768,0.27123,0.18857,-0.0006235,0.65762,-0.024653
4.3658,0.8789,-0.46531,-0.068151,0.38162,0.040821,1.2136,0.014093
-0.90392,0.060955,0.18924,-0.022941,0.19916,0.052411,0.8415,0.36646
-0.86192,0.53085,-0.24008,-0.40609,0.30712,0.072587,0.87614,0.085209
-0.74482,-1.2652,-0.71961,-0.4225,0.18042,0.033004,0.28856,0.63894
-0.73441,-0.078524,-0.63529,0.11312,0.36593,0.032054,0.83768,0.09268
-0.50595,-0.74924,0.13293,-0.16798,0.16488,0.056858,0.67053,0.11534
-0.63756,0.98172,0.12271,0.13326,0.027904,-0.024663,1.16,-0.097301
-0.72607,-0.43986,0.67279,-0.07151,0.28254,0.031047,1.1459,-0.23225
-0.79182,0.038086,0.43073,-0.11497,0.33139,0.081925,1.4236,-0.25674
4.3426,0.62141,0.43323,0.46143,0.093977,-0.008594,0.77965,-0.28531
-0.83555,-0.45724,0.27127,-0.59936,0.22018,0.016851,1.5481,-0.22534
-0.80011,-0.10928,0.55515,-0.17922,0.24179,0.056569,0.73573,-0.15917
-0.74214,0.19957,-0.2468,-0.374,0.24932,0.028948,0.78601,-0.0027973
-0.72999,0.31531,-0.54014,-0.15914,0.067164,0.0045618,0.71822,-0.031175
-0.53735,0.79383,-0.73026,0.019772,0.23235,0.07527,1.5314,0.13294
-0.75574,0.5424,-0.28389,0.79741,0.27394,0.05904,0.5097,0.075765
-0.73424,-0.037289,-0.28154,-0.024373,0.30657,0.051358,1.5272,0.2536
4.3671,-0.26323,-0.13562,-0.04702,0.31881,0.044209,1.3378,0.18886
-0.84298,0.060974,-0.51242,-0.24657,0.33863,0.057192,1.2869,0.12902
-0.74592,-0.68749,-0.085675,0.0099768,0.25127,0.013874,1.348,0.056831
-0.74084,0.078436,-0.04927,0.036985,0.17649,0.012917,1.1457,-0.11307
-0.72754,-0.058308,0.37479,0.10666,0.3039,0.065599,1.0569,-0.14751
-0.46511,0.58584,0.4628,-0.014507,0.29766,0.063205,1.2477,-0.2866
-0.68327,0.40716,0.42558,-0.021335,0.15303,0.031894,1.214,-0.26183
-0.73032,0.21678,0.43239,0.13312,0.21101,0.032221,1.1117,-0.23408
4.3619,0.18332,0.15264,0.17842,0.35896,0.093271,1.4881,-0.13724
-0.78116,-0.0055704,0.5327,0.19329,0.044255,0.0034259,1.2315,-0.0098553
-0.84138,-0.44918,-1.1773,-0.40768,0.2514,0.026972,1.0343,0.08701
-0.74194,-0.71776,-0.41649,0.079832,0.17666,0.016255,0.90265,0.49727
-0.73683,-1.0407,-1.0864,0.10213,0.35225,0.03722,0.75334,0.39077
-0.66498,-0.64394,0.37139,0.12519,0.063073,0.031798,0.79047,0.38478
-0.66256,-0.095498,-0.30726,-0.31925,-0.046249,-0.0095887,1.3193,0.30442
-0.86459,-0.12607,0.095933,0.25969,0.31543,0.074692,1.7072,0.025264
4.264,-0.40743,0.031416,-0.16589,0.29908,0.083747,1.5511,0.03607
4.3569,0.24417,1.2185,0.15275,0.15597,0.061953,0.92806,-0.11908
-1.0182,0.45044,0.63906,0.12367,0.29284,0.048708,1.6815,-0.18888
-0.81977,-0.21052,0.45101,-0.063996,0.14425,0.020728,0.98517,-0.32588
-0.73935,0.37709,-0.059246,0.14302,0.20007,0.0081749,0.75358,-0.25163
-0.72808,0.51531,0.097519,0.25323,0.12714,0.034506,0.79895,-0.11154
-0.60686,0.9968,-0.4416,0.085806,0.04554,-0.01489,0.9076,-0.10572
-0.75131,0.41415,0.1367,0.077893,0.13333,0.0038559,0.90708,-0.061695
-0.73188,-0.43236,0.0077948,0.053768,0.11292,0.028358,1.2474,0.26178
4.3569,-0.31067,0.53116,-1.0523,0.17697,0.047058,1.1581,0.18392
-0.83765,-0.059599,-0.49717,-0.60496,0.12888,-0.014511,1.0932,0.42002
-0.86868,-1.6385,-1.0801,0.16421,0.052289,0.014252,0.94631,0.64471
-0.74038,-0.52806,0.1343,-0.2885,-0.044862,-0.031087,0.71303,0.39593
-0.72707,-0.29522,0.072164,0.31436,0.28525,0.068795,0.86835,0.0091283
-0.4178,0.30874,0.68558,0.17121,-0.012031,0.0091503,0.40602,-0.054223
-0.67527,0.14493,0.75468,-0.15444,0.062154,0.037554,1.0009,-0.11658
-0.72368,0.44016,0.77716,0.11241,0.20495,0.041668,1.1224,-0.24333
4.3594,0.06204,0.22913,-0.13945,0.17985,0.045538,1.4505,-0.28032
-0.88909,0.25767,1.53,-0.10389,-0.11645,-0.060049,0.63822,-0.26991
-0.82935,0.061732,0.50461,-0.28691,0.13732,0.027479,0.64389,-0.17377
-0.73654,-0.15648,-0.73459,0.05757,-0.042338,0.0025275,0.73327,-0.001483
-0.73289,-0.36811,-0.44784,-0.016595,0.26001,0.052205,-0.045396,0.092047
-0.62155,-0.39471,-0.8405,0.15531,-0.22945,-0.051335,0.1715,0.23851
-0.60218,0.32406,-0.35476,0.010972,-0.28288,-0.081253,0.16278,0.23357
-0.77913,-0.64859,0.32143,0.17971,0.075667,0.0055245,0.23555,0.062599
4.4019,0.3266,-0.24337,0.035148,0.05342,0.01739,1.2861,0.091536
4.2597,0.99194,0.59427,0.28831,-0.044226,0.011531,0.44552,0.079562
-0.94973,0.32544,-0.10497,-0.027571,0.22458,0.049491,0.80572,0.021322
-0.79596,-0.2329,0.5704,-0.085474,-0.16269,0.006025,0.59909,-0.09017
-0.73526,0.71618,-0.12154,0.001595,0.14192,0.032529,0.58728,-0.16693
-0.7216,0.36587,0.43185,-0.22303,0.062308,0.011358,-0.016683,-0.14291
-0.47513,0.48773,0.1637,-0.013826,-0.050321,0.001321,1.156,-0.26312
-0.66331,0.25728,0.77092,-0.23864,0.056413,0.022717,0.34911,-0.25277
-0.72393,-0.3592,0.68308,-0.21479,-0.029551,-0.011501,1.0948,-0.11349
4.3495,-0.34103,-0.30035,0.2088,-0.017329,-0.035836,0.95069,-0.068923
-0.93917,0.13101,0.56167,-0.1984,-0.052595,-0.037505,0.34687,0.08993
-0.81804,-0.76635,-0.17718,-0.01337,-0.12946,0.004626,0.28687,0.22291
-0.7392,-0.25149,-0.57795,-0.3007,-0.073384,-0.043929,0.19163,0.37563
-0.72461,0.32248,-0.5234,-0.25622,0.032964,-0.038487,-0.10999,0.048799
-0.43669,-0.017907,-0.93255,-0.1703,-0.28247,-0.046823,-0.34409,0.33197
